Curtosis,Skewness,Variance,Entropy,Class
-2.8073,8.6661,3.6216,-0.44699,0
-2.4586,8.1674,4.5459,-1.4621,0
1.9242,-2.6383,3.866,0.10645,0
-4.0112,9.5228,3.4566,-3.5944,0
4.5718,-4.4552,0.32924,-0.9888,0
-3.9606,9.6718,4.3684,-3.1625,0
0.72888,3.0129,3.5912,0.56421,0
8.4636,-6.81,2.0922,-0.60216,0
-0.75345,5.7588,3.2032,-0.61251,0
-2.2718,9.1772,1.5356,-0.73535,0
-2.2135,8.7779,1.2247,-0.80647,0
2.3946,-2.7066,3.9899,0.86291,0
0.15394,7.6625,1.8993,-3.1108,0
2.5462,10.843,-1.5768,-2.9362,0
-2.9915,8.7261,3.404,-0.57242,0
3.4896,-3.3895,4.6765,1.4771,0
0.37158,3.0646,2.6719,0.58619,0
4.3439,2.8473,0.80355,0.6017,0
8.3428,-4.8794,1.4479,-2.1086,0
-4.353,11.0272,5.2423,-4.1013,0
-2.6196,7.8902,5.7867,-0.48708,0
4.5718,-4.4552,0.3292,-0.9888,0
-3.8235,10.1622,3.9362,-4.0172,0
-1.6831,8.8855,0.93584,-1.6599,0
-4.6795,9.887,4.4338,-3.7483,0
8.3368,-5.4981,0.7057,-2.8715,0
5.5777,-3.7413,1.1432,-0.63578,0
2.1624,8.3909,-0.38214,-3.7405,0
-4.4113,9.8187,6.5633,-3.2258,0
3.4202,-3.3584,4.8906,1.0905,0
4.9068,-0.17797,-0.24811,0.15429,0
3.308,3.6274,1.4884,0.48921,0
-2.3874,7.617,4.2969,-0.96164,0
1.7305,9.4111,-0.96511,-4.8629,0
8.1628,0.80908,-1.6162,0.60817,0
-0.80743,6.4417,2.4391,-0.69139,0
-0.46641,6.0195,2.6881,-0.69268,0
1.6277,0.81322,3.6289,0.77627,0
-2.1055,3.1929,4.5679,0.29653,0
-3.7541,9.7008,3.4805,-3.4379,0
-3.0224,8.722,4.1711,-0.59699,0
-3.7044,9.2207,-0.2062,-6.8103,0
-0.41243,9.2931,-0.0068919,-1.9638,0
2.3235,5.8395,0.96441,0.066365,0
-0.79372,6.9176,2.8561,0.48403,0
-3.7867,9.5663,-0.7869,-7.5034,0
0.48382,6.6258,2.0843,-2.2134,0
-3.7867,9.5663,-0.7869,-7.5034,0
-2.4534,6.065,3.9102,-0.68234,0
2.8753,3.286,1.6349,0.087054,0
3.4356,-4.8835,4.3239,-0.5776,0
-1.5572,3.9834,5.262,1.0103,0
-0.51439,5.825,3.1452,-1.4944,0
-1.1605,6.1499,2.549,-1.2371,0
-2.4774,5.496,4.9264,-0.50648,0
1.6371,0.80287,4.8265,1.1875,0
-0.61979,6.7769,2.5635,0.38576,0
-2.2384,5.0097,5.807,0.43878,0
4.5701,-4.1096,3.1377,0.98963,0
-0.37644,11.3603,-0.78289,-7.0495,0
4.5907,0.44696,2.888,-0.24398,0
1.7785,5.527,0.49665,-0.47156,0
-4.0943,11.2962,4.2586,-4.3457,0
1.5454,-1.1174,1.7939,-0.26079,0
-1.1536,3.1039,5.4021,1.5651,0
2.0938,2.599,2.5367,0.20085,0
2.7587,-4.0765,4.6054,0.31981,0
-3.0789,9.5332,2.4235,-2.7746,0
-0.28219,7.7846,1.0009,-2.6608,0
-0.9351,8.9848,0.12326,-2.4332,0
2.3792,-2.3548,3.9529,0.48274,0
1.093,0.49248,4.1373,1.8276,0
-3.9486,10.0153,4.7181,-3.8582,0
3.643,-3.4495,4.1654,1.0879,0
-4.5775,10.9072,4.4069,-4.4271,0
0.57551,3.5364,2.3066,0.41938,0
-2.5477,7.9853,3.7935,-1.872,0
1.7828,6.1437,0.049175,-0.72113,0
0.9885,7.6439,0.24835,-0.87371,0
3.3979,3.9647,1.1317,0.84351,0
-3.3668,9.0862,2.8033,-1.0224,0
0.95766,2.2907,4.4682,0.83058,0
-2.9375,8.5978,5.0185,-1.281,0
-0.23849,7.7763,1.8664,-2.9634,0
-0.63435,6.63,3.245,0.86937,0
0.80685,2.6756,4.0296,0.71679,0
7.5339,1.9037,-1.1313,1.022,0
0.84198,6.8141,0.87603,-0.17156,0
2.0707,-2.7956,4.1197,0.67412,0
2.1041,0.81529,3.8027,1.0245,0
-2.7876,7.6377,1.4806,-1.0341,0
0.72545,3.584,4.0632,0.39481,0
-2.7824,8.2068,4.3064,-1.4336,0
7.9632,-6.3175,2.4486,0.20602,0
2.1161,1.7837,3.2718,0.61334,0
8.347,-4.6062,-0.64472,-2.7099,0
0.64577,1.076,2.9543,0.89394,0
8.1517,-6.8804,2.1616,-0.081048,0
-4.0112,10.9279,3.82,-5.0284,0
2.5394,11.4038,-2.7419,-5.5793,0
3.6935,-5.1856,3.3669,-1.1427,0
2.6413,-2.4211,4.5597,1.6168,0
0.62863,-0.49871,5.1129,1.1189,0
3.9823,-4.6145,3.3397,-0.23751,0
0.96108,0.22761,4.2027,0.97282,0
1.997,1.2395,3.5438,2.1547,0
-3.5288,10.6651,2.3136,-4.7672,0
-1.6643,7.886,-1.8584,-1.8384,0
-4.2536,9.5414,3.106,-4.003,0
-3.3437,10.8306,2.9163,-4.122,0
3.7304,-4.4676,3.9922,-0.1095,0
0.094818,5.6946,1.518,-0.026738,0
-3.2074,9.647,3.2351,-2.5948,0
-1.2804,6.8162,4.2188,0.76076,0
-1.2744,6.9176,1.7819,-1.5759,0
-0.822,2.9135,2.5331,-0.12243,0
-1.8245,7.4163,3.8969,0.14007,0
-0.1708,6.7955,2.108,0.4905,0
2.29,0.70768,2.8969,1.8663,0
4.6429,-3.7971,0.9297,-0.2957,0
-3.4071,10.6878,3.4642,-4.109,0
-4.1722,10.4023,4.0713,-4.7582,0
1.7425,9.1214,-1.4572,-5.1241,0
7.1466,1.9224,-1.5075,0.89136,0
1.1804,9.9884,-0.91718,-5.2263,0
-1.2153,7.2011,2.994,0.3211,0
3.3285,12.9516,-2.343,-5.9426,0
2.2558,-2.8846,3.7818,-0.15734,0
0.055404,1.3098,4.6689,1.909,0
1.7425,1.1112,3.4663,1.3388,0
3.6884,-4.3414,3.2697,-0.29829,0
-2.8913,8.6703,5.1302,-1.5086,0
0.37929,6.1416,2.0139,0.56938,0
2.033,5.5395,0.4339,-0.40432,0
0.85998,9.3987,-1.0401,-5.3336,0
-3.6136,11.2196,4.1605,-4.0819,0
-4.9417,9.4669,5.438,-3.9202,0
-2.6256,8.2026,5.032,-1.0341,0
-4.1174,10.5388,5.2418,-4.2797,0
-3.7044,9.2207,-0.2062,-6.8103,0
4.5512,0.94358,2.0911,1.234,0
4.1905,-0.34765,1.7317,-0.99138,0
-1.4244,3.3336,4.1736,0.60429,0
3.4579,-3.2467,3.9232,0.83705,0
-3.8561,10.1539,3.8481,-4.2228,0
3.0895,-3.2633,0.5195,-0.9849,0
1.1033,0.78425,3.8584,1.7008,0
5.1827,-0.1759,1.7496,1.2922,0
0.68861,0.9829,3.6277,0.63403,0
0.071684,7.4018,2.7391,-2.5302,0
-2.4166,8.2274,4.5447,-1.5875,0
2.6756,11.9211,-1.7599,-3.3241,0
0.20278,0.21313,5.0691,1.2095,0
-4.2039,11.112,3.4591,-5.0931,0
-0.023425,8.1654,1.9358,-2.2586,0
5.3404,-0.99533,2.486,-0.15475,0
5.947,-4.5752,2.4226,0.21507,0
2.883,-3.7723,3.9479,0.019813,0
3.6558,-4.4862,2.2634,-0.61251,0
2.1341,4.2358,1.3566,0.3211,0
-1.4304,3.8964,5.0452,0.86291,0
-3.2794,8.6165,3.5499,-1.2009,0
0.26876,7.8695,0.17346,-3.7883,0
-3.3565,9.3593,2.4008,-3.3526,0
-0.00029081,1.5995,4.8851,1.6401,0
2.5839,-3.2674,4.1927,0.21766,0
-0.96252,8.6496,1.1166,-1.8112,0
-2.0062,6.901,1.0235,-2.7125,0
2.0458,11.8818,-1.803,-5.2728,0
-1.5495,6.2761,0.11739,-2.4746,0
1.2421,-0.0248,0.5706,-0.5621,0
2.2806,-2.4583,4.0552,1.0323,0
8.8294,1.0657,-1.6952,0.94955,0
2.0938,10.7271,-1.1193,-5.6504,0
2.4931,2.4707,1.8799,0.37671,0
3.4391,-3.7971,3.583,-0.12501,0
-3.725,9.1297,0.19081,-5.8224,0
-1.7157,5.6864,3.6582,-0.23751,0
8.3316,-1.7775,-0.13144,0.35214,0
-3.0361,9.798,2.3925,-2.8224,0
0.22849,3.0149,1.6426,-0.147,0
8.03,-1.5789,-0.11783,-0.028031,0
1.8419,8.6165,-0.69572,-4.3289,0
-0.97709,7.4101,2.9421,-0.88406,0
3.0946,11.9459,-1.7559,-4.8978,0
1.931,10.8803,-1.2537,-4.3237,0
3.8024,-4.4614,3.2585,-0.15087,0
-0.036278,6.3672,1.8314,0.049554,0
2.8684,-3.6275,4.5645,0.27714,0
6.6608,-5.0325,2.7365,-0.57889,0
4.6429,-3.7971,0.9297,-0.2957,0
-4.1131,10.1684,3.9663,-4.6056,0
4.1785,-0.08485,1.4578,0.59136,0
0.68604,3.0687,4.8272,0.80731,0
0.70403,12.3784,-2.341,-7.5836,0
-1.6643,7.886,-1.8584,-1.8384,0
-1.9153,7.257,4.1454,-0.86078,0
0.23705,6.0816,1.9157,-2.0116,0
2.4648,-2.1914,4.0215,1.1409,0
-2.8167,5.8747,5.8862,-0.30087,0
2.3603,10.8265,-2.0897,-3.4198,0
3.5573,-3.5943,4.0026,0.26809,0
-3.7867,9.5663,-0.78689,-7.5034,0
-3.8552,10.2615,4.1757,-4.3056,0
0.65005,7.5404,0.83292,-0.92544,0
-0.26334,2.2327,4.8077,1.5534,0
-2.8904,5.2684,5.3063,-0.52716,0
-3.5913,9.2683,2.5605,-1.356,0
-0.47755,7.6046,2.1059,-1.8461,0
5.4672,-0.73874,2.1721,-0.72371,0
-4.6067,9.1814,4.2899,-4.3263,0
-4.2759,10.1891,3.5156,-4.978,0
-3.7258,8.0081,2.614,-1.3069,0
4.9085,2.3259,0.68087,0.54998,0
0.83256,0.74493,4.1962,0.753,0
-1.3267,2.9673,6.0919,1.4551,0
0.2362,3.2964,1.3234,-0.11984,0
5.6566,1.0326,1.3264,-0.41337,0
1.2061,7.6274,-0.16735,-3.6241,0
-2.953,10.2678,-1.3,-5.8638,0
2.9438,12.5398,-2.2261,-3.5258,0
-0.75688,6.4665,2.4196,0.228,0
5.989,0.6394,1.0987,-0.58277,0
-4.5852,10.5326,4.6464,-4.206,0
3.1143,4.1158,-0.36038,-0.37199,0
4.3465,3.2136,1.3562,0.78662,0
1.2421,-0.0248,0.5706,-0.5621,0
-1.331,10.1374,-2.6479,-5.4707,0
1.9259,-3.137,3.1219,-0.37458,0
0.041694,1.5478,5.4944,1.9284,0
7.0806,1.552,-1.3389,1.031,0
3.0835,11.9604,-2.3361,-5.4435,0
4.7355,-0.033118,2.2596,-0.2776,0
7.3848,-0.63321,0.46901,0.36507,0
0.51124,2.8701,2.7296,0.5099,0
2.1761,2.03,2.0466,-0.083634,0
2.4408,9.498,-1.3274,-5.2689,0
2.6302,-2.1521,3.8905,1.1047,0
1.1693,0.90427,3.9994,1.6892,0
-3.1783,9.5083,2.3952,-3.0086,0
-1.0456,6.9321,3.2704,0.23447,0
7.5382,1.5664,-1.3931,0.78403,0
1.3964,3.5488,1.6406,-0.36424,0
-1.0671,6.8576,2.7744,0.075416,0
-3.2477,9.3821,2.4287,-1.4543,0
2.0116,-2.806,4.2134,0.67412,0
4.7449,0.48213,1.6472,1.225,0
5.2119,-0.99326,2.0597,-0.29312,0
0.7572,0.7098,0.3798,-0.4444,0
-1.672,8.4551,1.0135,-2.0815,0
3.1769,-4.4552,4.5691,0.0042961,0
-1.6917,10.1105,0.57461,-4.3922,0
-0.9094,9.1938,0.5734,-1.872,0
-1.3721,3.257,5.2868,1.1668,0
-4.1388,10.6568,4.0102,-5.0646,0
3.8281,-3.6792,4.1425,1.6297,0
2.2232,-2.9177,3.0934,0.22283,0
0.53009,5.9947,2.2034,0.84998,0
0.95851,0.79459,3.744,1.0077,0
2.1135,2.2948,3.0329,0.35084,0
-1.6814,7.2073,3.7731,-0.94742,0
0.59693,2.8908,3.1557,0.79825,0
-0.9788,7.6067,1.8114,-2.4668,0
-3.2846,7.2052,4.988,-1.1608,0
-0.79287,6.6155,2.483,-0.90863,0
1.3758,4.7055,1.594,0.081882,0
0.15394,9.7484,-0.016103,-1.6134,0
-4.1508,9.7939,3.8496,-4.4582,0
4.6429,-3.7971,0.9297,-0.2957,0
-0.17594,2.4107,4.9342,1.6245,0
-4.2699,10.0215,3.8417,-4.9159,0
-3.8081,9.9946,5.3915,-3.3642,0
2.0416,-0.070365,4.4072,1.1319,0
-0.40301,6.7976,2.6946,0.44912,0
0.12138,0.13863,5.2756,1.1435,0
-1.9513,6.2637,3.4312,-0.36165,0
0.45383,-0.16555,4.052,0.51248,0
8.4182,-4.7759,1.3638,-1.8836,0
-2.7473,7.7763,0.89566,-1.9353,0
-0.16823,7.7557,1.9265,-3.0771,0
7.7267,-0.46146,0.20977,0.90946,0
2.1992,-2.9363,4.068,0.50084,0
3.6259,-4.0599,2.877,-0.32544,0
8.0883,-0.89808,0.3223,0.69222,0
-2.953,10.2678,-1.3,-5.8638,0
8.15,-6.4334,1.7747,-0.89828,0
8.09,-4.4221,1.3419,-1.7349,0
-1.4175,10.5471,0.89606,-4.0327,0
4.3225,2.9487,0.44125,0.7155,0
0.12224,6.2265,3.2422,-1.4466,0
0.61406,3.5136,2.5678,-0.40691,0
0.078538,11.9625,-2.2153,-7.7853,0
-2.4294,6.1189,4.1349,-0.19613,0
4.816,-9.28E-06,1.934,-0.33967,0
3.9249,1.1588,2.5068,0.12585,0
-0.5778,6.0795,2.1464,-2.2302,0
-2.0541,7.0521,0.051979,-3.1508,0
-0.19651,8.035,1.2706,-2.1888,0
5.4552,0.83391,1.143,-0.56984,0
-3.2417,9.0386,2.2928,-1.2991,0
4.5718,-4.4552,0.3292,-0.9888,0
-0.2702,6.8369,2.9719,0.71291,0
-1.2641,8.7489,1.6849,-1.3858,0
2.5454,11.6894,-1.9177,-3.2763,0
-3.0087,10.4726,2.3729,-3.2013,0
-1.3687,9.767,1.0284,-1.7853,0
-3.2863,9.2186,0.27451,-4.8448,0
8.5193,-4.7863,1.6032,-2.1203,0
-4.2185,10.1788,4.616,-4.4245,0
-2.7696,7.6956,4.2478,-1.0767,0
2.4957,-2.7004,4.0215,0.36636,0
3.5025,-4.9704,5.0297,-0.23751,0
3.2403,2.2948,1.5902,0.18404,0
-1.7971,5.1939,2.1274,-1.1763,0
-2.0567,8.3847,1.1811,-0.90345,0
4.5718,-4.4552,0.3292,-0.9888,0
-2.2598,5.2808,5.7353,0.075416,0
0.72974,5.6574,2.6718,-1.4892,0
7.9186,-4.7076,1.5799,-1.5487,0
1.3458,2.2493,2.9499,-0.037083,0
3.0895,-3.2633,0.5195,-0.9849,0
-3.9032,9.5911,3.7352,-3.3487,0
7.7618,2.0175,-1.7344,0.93532,0
-3.9298,10.0277,3.884,-4.0819,0
1.9276,1.2829,3.5257,1.7991,0
1.0313,2.4976,4.4549,0.96894,0
8.3573,-6.4624,-0.16108,-1.5216,0
-4.9288,9.4607,4.2164,-5.2366,0
-0.67377,6.8224,3.5152,-0.46898,0
2.9044,2.9094,1.6988,0.11033,0
2.5188,2.4542,1.0607,-0.17027,0
4.2171,1.2436,2.0421,0.90429,0
1.291,1.3078,3.5594,1.6556,0
-2.2306,5.8126,3.0009,-0.66553,0
1.8076,1.4112,3.9294,0.89782,0
4.2882,-4.0724,3.4667,1.5418,0
0.70574,3.9213,3.966,0.33662,0
4.9334,2.33,1.0191,0.82929,0
2.2138,5.616,0.96414,-0.12501,0
0.0099913,6.7562,1.8205,0.39481,0
-2.3515,7.8653,4.9923,-0.71984,0
0.15565,11.5093,-1.1804,-6.8194,0
0.89082,0.23175,4.0329,1.1823,0
-1.4029,10.3878,0.66018,-3.9151,0
-1.3035,7.1307,3.5982,0.21248,0
-1.6643,7.886,-1.8584,-1.8384,0
1.6671,0.46972,4.0972,0.91593,0
1.5806,0.91254,3.3299,0.39352,0
0.80857,3.1122,3.1088,0.4336,0
3.1392,8.5234,-4.2859,-0.91639,0
2.1787,10.2036,-1.2528,-5.6038,0
3.0895,-3.2633,0.5195,-0.9849,0
4.5718,-4.4552,0.3292,-0.9888,0
2.045,5.3449,0.88872,-0.19355,0
-4.0351,9.3718,3.5458,-3.9564,0
1.8848,8.0329,-0.21661,-3.8853,0
-3.3111,9.0821,2.7206,-0.96811,0
-2.9033,8.6889,3.2051,-0.7819,0
-3.3,10.8161,2.6917,-4.2888,0
1.8231,11.5176,-2.3242,-5.375,0
4.1914,-4.2006,2.7161,0.16981,0
0.90967,3.2674,3.3848,0.25128,0
2.0878,4.8028,1.7452,0.62627,0
1.3424,0.57732,2.805,1.2133,0
-2.4089,5.5788,5.7823,-0.056479,0
1.6011,1.734,3.8999,0.96765,0
-1.7791,6.332,3.5189,-0.020273,0
-0.37816,7.7391,3.2294,-2.5405,0
0.22677,3.1639,3.4985,-0.1651,0
1.1582,1.3781,2.1948,0.85774,0
-3.1749,9.9636,2.2526,-2.9944,0
2.8633,-3.9358,4.1529,-0.017686,0
-1.3824,11.17,0.74307,-4.0728,0
-2.3386,8.871,1.9105,-0.75604,0
6.8681,0.070346,-1.5055,-0.50648,0
-1.3884,10.7727,0.58836,-4.3276,0
-3.5348,7.8384,3.2303,-1.2151,0
2.6542,11.6542,-1.9922,-5.2107,0
-3.761,9.0096,2.8523,-3.3371,0
0.48554,2.4955,4.2772,0.36119,0
6.2332,0.039307,1.5099,-0.30346,0
-4.084,10.1457,5.4188,-3.6991,0
4.2908,2.6963,0.86202,0.54739,0
-4.0463,10.1457,3.8117,-4.5629,0
-1.5435,10.3754,0.54777,-4.1633,0
0.015989,7.4908,2.3718,-1.7414,0
1.9353,11.1472,-2.4953,-3.4638,0
2.8358,-2.6611,4.6361,1.1991,0
2.5899,11.5321,-2.2527,-3.2737,0
-4.1602,10.423,3.7982,-4.9728,0
-1.9213,8.2895,-0.36279,-3.3332,0
0.44784,6.8783,2.1265,-2.2224,0
1.6765,5.5643,0.86736,-0.16769,0
-3.8869,10.0526,3.7831,-3.7366,0
0.28846,12.1177,-2.2623,-7.7581,0
-1.3335,4.4303,1.2616,-1.7517,0
0.34073,3.1349,2.6799,0.58489,0
1.3912,5.9781,-0.39816,-1.1621,0
2.0416,0.35798,4.3937,1.2004,0
0.27561,5.6222,2.9695,-1.1556,0
6.4911,-0.15521,1.3049,-0.75346,0
7.7687,-5.8395,2.2123,-0.85302,0
0.57722,6.9383,1.9647,0.66377,0
2.2309,-2.5845,3.0864,0.30947,0
0.7572,0.7098,0.3798,-0.4444,0
1.2353,7.4266,0.58982,-2.9595,0
1.0742,7.946,0.14783,-3.3409,0
1.099,6.1975,-0.062025,-1.131,0
0.72202,1.1319,4.223,0.96118,0
0.3493,7.1018,0.64295,-0.41337,0
4.6472,0.46351,1.941,1.0879,0
1.3621,0.45937,4.0047,1.6181,0
-3.9075,9.7794,3.7767,-3.5323,0
2.53,-0.15314,3.4769,2.4495,0
-3.521,9.2621,1.9818,-1.872,0
4.044,-3.8696,3.8023,0.95343,0
-4.0857,11.1079,4.3483,-4.2539,0
5.2727,1.3864,1.1518,-0.43536,0
7.0078,1.5892,-1.2576,0.42455,0
8.6127,-5.1153,1.9572,-1.4297,0
2.8204,12.1611,-2.484,-3.7418,0
7.701,1.2954,-1.1497,0.62627,0
-4.3239,10.0132,4.8368,-4.3276,0
0.94566,8.8068,-0.12196,-4.2267,0
0.092248,6.3961,1.9429,0.58102,0
8.2142,-4.809,1.742,-2.0659,0
2.7827,10.8409,-1.5222,-4.0974,0
-2.953,10.2678,-1.3,-5.8638,0
0.80342,-0.14693,3.4246,0.29136,0
6.3729,-4.9518,2.5503,-0.41596,0
-0.1828,6.3465,1.5691,-2.4099,0
2.0013,4.9228,1.3087,0.22024,0
-3.2511,8.2316,5.1776,-1.5694,0
-3.1123,9.6325,2.229,-2.7164,0
-4.2931,10.0857,5.6272,-3.8142,0
-2.1672,8.7986,1.2138,-0.74182,0
0.7572,0.7098,0.3798,-0.4444,0
1.6825,6.0319,0.5415,-0.46122,0
-1.9693,5.6802,4.0524,0.026279,0
-0.28305,2.1065,4.7285,1.5625,0
2.1041,0.66216,3.4359,1.8922,0
-1.4912,10.2429,0.86816,-4.0082,0
-3.8209,9.8022,3.359,-3.7133,0
0.85141,2.9942,3.6702,0.30688,0
0.46497,6.1189,1.3349,0.49826,0
2.7742,-3.4143,3.1887,-0.2026,0
0.20021,2.9653,2.4527,-0.056479,0
0.92852,2.9735,3.9121,0.60558,0
-3.725,10.5885,3.9364,-4.3133,0
3.1674,-3.2902,3.9414,1.0866,0
4.3439,-3.9585,3.6922,1.3517,0
-2.6848,7.795,5.681,-0.92544,0
-1.2281,9.0862,0.77124,-1.4996,0
-3.9795,9.7753,3.5761,-3.4638,0
0.52924,6.1251,1.602,0.47886,0
-3.4414,10.216,2.6682,-4.0069,0
2.6491,1.8644,2.0007,0.47369,0
4.2933,3.1287,0.64215,0.64696,0
3.0423,-3.0729,4.3848,1.2741,0
-2.4089,9.0552,0.77445,-1.3884,0
-1.361,8.393,0.96574,-1.4659,0
-2.9007,8.7324,3.0948,-0.96682,0
-2.3429,7.6046,4.9362,-0.85302,0
1.9079,11.2217,-1.9458,-3.4405,0
0.38015,-0.44284,5.7403,1.3763,0
0.67661,12.1984,-2.6989,-8.5482,0
1.9387,3.5985,1.1472,-0.43406,0
-2.9024,8.96,2.9742,-1.0379,0
-3.2794,7.2094,4.5707,-1.4944,0
2.0133,6.5079,0.1848,-0.87242,0
-0.7843,9.2931,0.87256,-2.1978,0
1.0588,6.8866,0.39559,-0.67587,0
-2.0439,6.1851,3.8384,-0.033204,0
-0.81857,7.3108,2.8209,-1.8784,0
-3.1749,9.7546,2.5817,-2.9957,0
2.0133,0.23175,3.8213,2.0564,0
0.7572,0.7098,0.3798,-0.4444,0
-1.2042,6.69,3.4893,-0.38751,0
7.1303,0.8546,-1.7781,0.027572,0
1.9379,2.4769,2.0962,-0.040962,0
7.1903,-0.57113,0.94732,-0.67587,0
-3.3034,9.4007,2.8261,-1.0509,0
0.50781,8.3661,0.0071249,-3.8155,0
1.2798,7.1907,0.96788,-2.4565,0
0.1368,2.1086,4.7432,1.6543,0
-2.2692,7.2797,3.6575,-1.144,0
-2.432,6.4023,3.8832,-0.98363,0
-3.1886,8.811,3.4776,-0.92285,0
1.093,7.9212,1.1315,-2.8444,0
0.19678,2.8597,2.8237,0.57196,0
0.26019,6.0423,1.9321,-2.053,0
5.1305,-3.3315,3.0632,0.8267,0
2.769,10.8306,-1.8411,-3.0901,0
-3.3394,11.3045,2.8084,-4.4194,0
5.9856,-4.4076,2.5698,0.078002,0
-3.7121,10.3216,-0.12624,-6.1185,0
4.367,-4.0951,3.3756,1.0698,0
8.4756,-1.6037,-0.048008,0.75558,0
1.2421,-0.0248,0.5706,-0.5621,0
0.55837,6.5906,0.88444,-0.44182,0
0.70403,3.7061,3.8644,0.35214,0
2.0107,2.5762,1.2999,-0.18967,0
8.132,-6.8638,2.0051,-0.2401,0
0.20792,0.27727,4.9294,0.33662,0
-0.73546,6.3485,2.8297,-0.58665,0
-2.9941,8.633,2.565,-1.3082,0
0.022844,8.3061,2.093,-3.2724,0
-2.1235,5.6264,4.6014,0.19309,0
0.44698,-0.35799,5.0617,0.99868,0
-0.52725,9.0489,-0.2951,-2.0789,0
1.8908,2.4004,3.577,0.73231,0
1.5215,2.5017,3.9433,0.903,0
-3.3994,10.754,2.6648,-4.1685,0
-2.5905,6.1664,5.9374,-0.36553,0
3.1375,1.8479,2.0153,0.42843,0
-2.8544,5.9409,5.8782,-0.60863,0
2.9464,12.606,-2.3983,-5.7888,0
2.1384,4.3682,1.762,0.75429,0
1.608,-2.4852,4.2406,0.7155,0
-1.0568,6.87,3.4669,-0.73147,0
-0.18537,5.7526,3.1896,-0.30087,0
-2.1492,9.1566,0.81356,-4.1814,0
4.0243,0.96427,0.52855,-1.0483,0
2.5574,-2.0403,2.1319,-0.061652,0
2.057,4.5731,0.33111,-0.18967,0
-1.5323,8.8172,1.2746,-1.7957,0
-1.3284,7.4556,2.2091,-3.3021,0
-0.41929,7.528,2.5328,-2.6478,0
1.3501,1.4609,3.6244,1.9284,0
0.69118,12.5026,-1.3885,-7.5487,0
-2.4097,5.8312,5.7227,-0.24527,0
-3.7301,10.3567,3.3583,-3.6991,0
2.7236,2.2369,2.5227,0.79438,0
1.0708,6.7334,0.045304,-0.9332,0
-2.4491,7.7598,4.8278,-1.2216,0
8.527,-4.7738,1.9476,-1.8668,0
4.1494,0.66216,2.7659,-0.28406,0
7.7575,-0.76771,-0.10648,0.64179,0
5.6703,-0.053811,0.72252,-1.3509,0
-0.48355,1.4816,4.2475,0.95343,0
2.2566,0.33521,3.9772,2.1625,0
0.55923,4.302,3.6667,0.33791,0
-3.1466,10.8513,2.8232,-3.9784,0
-0.057699,11.6542,-1.4217,-7.1025,0
0.66633,1.1981,4.2458,0.94696,0
3.3491,-4.8069,4.1038,-0.49225,0
-2.2324,8.7903,1.4507,-0.65259,0
3.9746,-3.9172,3.4647,0.36119,0
1.0176,6.1458,1.8533,-2.0401,0
1.9507,0.71596,3.5288,1.9375,0
0.75973,1.0367,3.9719,1.0013,0
-3.6316,9.3614,3.534,-1.2461,0
-4.0788,9.887,3.6894,-4.3664,0
3.8238,-4.4117,3.0672,-0.81682,0
6.3549,-4.8152,2.6463,0.003003,0
0.6312,3.733,2.2893,-0.39786,0
-0.056842,7.9274,1.5673,-2.1694,0
1.0279,0.51524,4.0405,1.106,0
3.3662,-4.8794,4.3846,-0.029324,0
5.1707,-0.25246,2.0165,1.0763,0
-4.3582,11.1741,4.0446,-4.7401,0
7.6659,-0.64976,-0.33729,0.72326,0
0.91738,12.7302,-2.4604,-7.6418,0
-3.8929,10.9258,4.1195,-4.1802,0
4.6369,0.82356,2.0193,1.4202,0
0.29018,7.9129,1.5701,-2.1953,0
-0.28562,7.586,2.6415,-1.6677,0
-3.0515,8.0764,5.0214,-1.7155,0
0.83598,3.3295,4.3435,0.64955,0
8.3873,-6.7748,1.8238,-0.54139,0
0.78543,0.9291,3.9382,0.6767,0
4.2916,-5.1422,2.2517,-1.2487,0
-4.413,10.3671,5.504,-4.0211,0
-3.6461,9.171,2.8521,-1.2047,0
-2.0867,9.1566,1.1676,-0.80647,0
-0.23592,8.0081,2.6104,-1.7608,0
-1.1982,10.067,0.32444,-4.1284,0
3.3954,-4.7904,3.8962,-0.53751,0
5.1022,-0.8091,2.1752,-0.67975,0
-2.0807,8.9331,1.1588,-1.1272,0
-2.5605,8.2957,4.7072,-1.4905,0
-0.40472,11.8052,-1.9667,-7.8719,0
1.4563,0.40143,4.0552,0.65343,0
8.4207,-6.839,2.3678,-0.44829,0
0.69718,6.8369,0.33565,-0.55691,0
3.8803,-5.3036,4.3398,-0.70432,0
0.4187,8.5482,1.5456,-2.1784,0
-2.0995,8.3847,1.4276,-1.9677,0
-3.1338,8.1881,-0.27802,-2.5276,0
-1.6351,8.6413,0.93611,-1.3043,0
2.6773,-3.0087,4.6352,1.212,0
8.6564,-5.5871,1.5268,-1.722,0
4.4578,2.4728,0.95626,0.21636,0
6.7756,1.7734,-2.7914,-0.39915,0
-1.2538,3.5116,5.2032,1.0129,0
-1.0713,7.2321,3.1836,-2.5909,0
1.0673,5.1815,0.65497,-0.42113,0
-4.8003,10.3009,5.6084,-4.3534,0
0.41099,7.4432,1.105,-3.0332,0
2.2129,-2.9156,3.9292,0.30817,0
1.5506,6.4003,1.1558,0.6961,0
1.8513,2.6218,2.5581,0.40257,0
-3.557,10.9796,2.7831,-4.4039,0
0.66119,2.7811,3.7635,0.34179,0
-1.331,10.1374,-2.6479,-5.4707,0
-1.4004,8.3682,1.0652,-1.6509,0
0.41613,11.8797,-1.4275,-6.9978,0
-4.7857,10.1808,5.7456,-4.3366,0
-1.2701,3.2798,5.086,1.1189,0
-2.5228,5.4049,3.4092,-0.89958,0
2.1307,9.3221,-0.2361,-4.3793,0
-4.383,8.9951,3.8197,-4.0327,0
6.9144,1.8127,-1.1391,0.70127,0
0.77344,0.68906,4.9249,1.2095,0
-0.029423,6.841,2.5089,0.44912,0
-3.7044,9.2207,-0.2062,-6.8103,0
-1.5443,6.8514,3.946,-0.5582,0
-3.1338,8.1881,-0.278,-2.5276,0
-0.15966,3.2074,1.8592,-0.26208,0
1.5754,7.6294,0.56953,-3.2233,0
3.5427,-4.449,3.4626,0.15429,0
2.1401,1.1484,3.3951,2.0862,0
0.50439,-0.52974,5.0429,1.106,0
-1.5195,7.1783,3.7758,0.40128,0
-2.4243,7.6398,4.6562,-1.2384,0
2.3689,-2.9674,4.0948,0.75429,0
0.54723,6.063,1.8384,0.51248,0
4.5864,0.43661,2.0153,-0.3151,0
1.6928,0.7201,3.5251,0.64438,0
3.8255,-5.4236,3.757,-1.2526,0
0.7623,3.5178,2.5989,0.81119,0
4.2265,0.97462,1.8994,0.81377,0
4.2625,-3.9482,3.6941,1.1577,0
1.7048,-2.3507,4.4295,0.90946,0
-2.5425,5.2187,6.8248,0.5461,0
2.8093,-2.5163,1.8967,-0.79742,0
8.0831,-6.1665,2.1526,-0.34355,0
-1.3258,7.0811,3.3004,0.22283,0
-0.58808,7.05,2.7213,0.41809,0
2.5334,-3.0336,3.8846,0.20214,0
0.23448,-0.4449,4.1665,0.27843,0
1.8762,5.8561,0.94225,-0.32544,0
0.32616,-0.031048,5.1321,1.1151,0
1.8128,6.8121,0.38251,-0.61251,0
2.3183,-2.5928,3.0333,0.303,0
-0.11168,6.0464,2.9233,-0.58665,0
-1.2821,10.2926,1.162,-4.0392,0
1.3098,2.5762,3.7791,0.5655,0
1.1941,5.9781,0.77765,-0.3526,0
8.0514,-1.0471,-0.38388,0.49567,0
-0.094543,9.4359,0.21084,-1.859,0
5.9068,-4.5938,2.9571,0.57196,0
2.5976,-3.3729,4.6439,0.55257,0
6.0241,-4.3062,3.3577,0.18274,0
1.0579,2.9073,3.5127,0.40774,0
-3.3085,10.7044,2.6562,-4.0767,0
1.7022,10.694,-1.3612,-2.9026,0
-3.1338,8.1881,-0.278,-2.5276,0
8.2888,-6.9321,1.04,-1.2991,0
1.3278,2.7356,2.1881,-0.1832,0
2.1375,-2.6528,4.2756,0.94437,0
0.91995,6.8741,-0.11996,-0.6694,0
-3.6359,8.7944,2.9736,-1.3754,0
2.6491,-3.3109,3.7798,0.066365,0
-1.7345,3.7557,5.3586,1.0789,0
0.84027,6.1292,1.8373,0.55257,0
5.7568,0.89599,1.2262,-0.11596,0
7.7215,-0.56078,-0.048008,0.453,0
1.2421,-0.024841,0.5706,-0.56208,0
1.4281,0.46351,4.3634,2.0202,0
3.5008,-4.1634,3.482,-0.078462,0
3.0895,-3.2633,0.51947,-0.98492,0
3.1529,-2.628,2.3164,-0.08622,0
3.1863,11.0334,-1.8348,-4.8888,0
-1.9136,8.8793,1.3754,-0.53751,0
0.49839,5.8974,-0.16682,-0.70044,0
-0.31475,7.1328,0.29961,-1.1828,0
-3.6873,9.3262,0.25035,-6.2543,0
1.7125,1.3926,2.4673,0.41421,0
-1.1425,6.6424,0.77805,-1.0573,0
1.0271,2.9508,3.4465,0.5461,0
5.2333,-4.1427,2.2429,-0.40173,0
3.3577,-3.884,3.7321,-0.0060486,0
3.6884,-3.584,4.3365,0.74912,0
2.6439,10.8223,-2.0759,-4.837,0
-2.0824,7.6398,4.0715,-1.1698,0
1.1959,5.8209,0.76163,-0.64613,0
0.46583,7.3273,-0.53966,-1.4543,0
0.065686,5.7919,2.6213,-1.5759,0
2.5865,-3.3378,3.0242,-0.54785,0
-2.4037,5.3905,5.8519,-0.061652,0
1.2421,-0.0248,0.5706,-0.5621,0
-3.9272,11.1513,3.9771,-4.3444,0
-1.6326,9.1814,1.5478,-1.7375,0
2.1992,0.36625,0.74054,0.48403,0
-1.097,10.2243,0.49571,-4.0159,0
-0.87598,7.8612,1.645,-3.5569,0
-1.1622,6.8576,3.6077,0.28231,0
5.2804,-3.7082,3.2403,0.41291,0
-4.0926,10.2491,3.9166,-4.4659,0
-2.0156,6.0299,3.9262,-0.065531,0
-4.3839,10.4643,5.591,-4.3379,0
3.9943,-3.6978,3.7522,1.3051,0
2.2935,4.5462,1.3114,0.22541,0
-1.8511,6.9942,3.7022,-0.12889,0
2.3757,-3.1039,4.364,0.78532,0
1.0219,1.4423,3.5829,1.4008,0
3.4553,-4.8297,4.65,-0.25174,0
-1.983,3.9606,5.1731,0.40774,0
0.20706,3.4184,3.2692,-0.066824,0
3.0312,1.6223,2.4012,0.71679,0
8.2219,-4.4697,1.7257,-1.8073,0
-1.9967,6.9859,4.7965,-0.35001,0
-3.9323,10.1891,4.0962,-4.1827,0
2.0321,3.3605,2.5559,0.26809,0
-3.0326,8.5709,3.4916,-0.59182,0
3.0895,-3.2633,0.5195,-0.9849,0
-0.409,7.2673,2.9856,-2.2431,0
-1.8219,5.4132,4.0932,0.23576,0
5.5854,-0.76978,1.7748,1.3039,0
0.17965,0.32694,5.2012,1.1797,0
7.0858,-1.3678,-0.45062,-0.40303,0
-2.9512,8.1116,4.8451,-1.4724,0
1.1504,7.2756,0.74841,-0.5388,0
-3.3917,8.5565,5.1213,-1.5474,0
2.8273,-3.7454,3.6181,-0.71208,0
1.4461,8.5234,0.040498,-3.9306,0
-1.331,10.1374,-2.6479,-5.4707,0
0.75716,0.70975,0.37984,-0.44441,0
6.2204,0.091039,-0.95923,-1.4828,0
-3.2049,10.0008,2.8672,-3.1095,0
-0.62064,9.109,1.0182,-1.7129,0
2.1092,11.4535,-2.7143,-3.9629,0
2.4537,-3.1081,3.8244,0.52024,0
1.8385,2.121,2.7961,0.38317,0
-0.81857,6.7086,3.5358,0.47886,0
2.2215,8.7241,-0.7056,-4.5965,0
-2.4766,7.2756,4.1542,-1.2099,0
-0.66263,9.4318,0.92703,-1.6728,0
8.0514,-6.4748,1.8216,-0.41855,0
0.73573,12.6247,-2.4473,-7.6612,0
2.8093,-3.0957,3.5862,0.24481,0
-0.28819,9.6594,0.66191,-1.6638,0
-0.051701,1.7071,4.7926,1.4926,0
-2.5425,8.3516,4.9852,-1.2823,0
2.9164,3.0294,0.75736,-0.068117,0
-1.9427,7.6336,4.6499,-0.37458,0
0.78457,7.1742,-0.023579,-0.75734,0
6.6042,0.0082678,0.85574,-0.53104,0
6.0096,0.66009,0.88298,-0.43277,0
4.7466,-4.391,4.0422,1.137,0
-0.24877,8.0992,2.2546,-3.2698,0
-0.3336,6.5989,0.38478,-0.56466,0
6.5991,-5.1711,3.1541,0.57455,0
4.8477,0.23589,2.3969,1.437,0
-0.2702,2.0755,4.7114,1.2379,0
-3.9366,10.1477,4.0127,-4.0728,0
1.9619,3.1681,2.6606,0.18662,0
-0.023425,1.8541,3.931,1.2314,0
1.3989,8.693,0.01727,-3.9668,0
1.4015,0.40971,3.2414,1.1952,0
0.35273,3.5757,2.2504,0.2836,0
-1.3927,3.3191,-1.3971,-1.9948,1
-0.031994,-0.14279,0.39012,0.35084,1
7.8929,-7.1535,-1.6677,0.96765,1
15.6824,-12.8047,-3.8483,-1.281,1
10.083,-8.213,-3.5681,0.96765,1
1.3347,-0.30626,-2.2804,1.3763,1
-2.5323,2.7397,-1.7582,-2.234,1
-1.8219,3.1991,-0.89409,-2.9452,1
-0.28733,0.12415,0.3434,0.14654,1
5.8245,-6.661,-0.9854,0.5461,1
9.3444,-9.1359,-2.4115,-0.65259,1
5.3524,-6.2534,-1.5252,0.59912,1
-0.31818,-0.091058,-0.61442,0.50214,1
-3.6461,2.8928,-0.36506,-3.0603,1
0.67661,6.5679,-5.9034,-6.6797,1
-0.72261,2.7521,-1.8215,-2.353,1
2.4023,-1.8768,-0.77461,1.1319,1
9.0162,-9.0366,-1.8187,-0.12243,1
13.1779,-12.9309,-3.5801,-2.5677,1
5.4681,-6.8824,-1.8219,0.057313,1
-0.47841,-0.38696,-0.3481,0.62627,1
-4.5064,3.3605,0.47368,-4.0431,1
-0.76888,4.8587,-3.4083,-4.8668,1
1.4238,-0.30005,-1.6662,0.024986,1
6.6188,-7.1059,-2.0962,-0.33708,1
9.1139,-10.4519,-2.6685,-1.7323,1
1.9901,-4.3496,-0.47465,0.7517,1
-2.6411,1.1857,1.0552,0.11033,1
-4.9408,3.8095,1.1644,-4.0909,1
-0.31218,7.3708,-4.4779,-6.7754,1
2.4391,0.45523,-2.7338,0.21766,1
5.8039,-5.4484,-2.286,0.88231,1
4.6575,-6.3444,-1.6244,0.16981,1
-1.9804,0.47799,0.50813,0.57714,1
-4.9023,4.2503,1.6408,-2.6621,1
-5.2613,4.84,0.81583,-6.0823,1
-0.38758,9.1048,-5.4901,-5.9763,1
0.32274,2.7935,-3.2238,-0.86078,1
1.219,-1.5147,-2.0631,0.44524,1
-0.19565,-2.0113,-0.91318,0.066365,1
-3.2888,1.9327,0.6005,-0.32415,1
-4.0557,3.3377,0.91315,-1.6741,1
-3.3857,3.0729,-0.28015,-2.9155,1
-0.51954,3.3253,-3.6085,-3.5737,1
0.0091344,8.6806,-6.2003,-3.703,1
0.77258,3.3419,-4.2932,-0.99785,1
0.68604,-0.062088,-3.0265,-0.055186,1
-0.99337,-0.010356,-1.7015,-0.53104,1
-2.9452,2.4748,-0.64326,-1.0276,1
-2.3729,1.9348,-0.86339,-1.0897,1
-0.46298,1.0512,-2.0659,-1.0974,1
-0.084261,1.5685,-2.1333,-1.7453,1
2.8718,-1.4733,-1.2568,0.44653,1
10.7402,-6.841,-3.1128,-1.0172,1
10.9818,-5.9037,-4.8554,-0.82199,1
-0.3336,3.8654,-2.588,-1.2797,1
-1.4192,1.4733,0.24394,-0.58535,1
6.6779,-5.0966,-1.5322,0.17498,1
17.6772,-13.4979,-4.0025,-3.3202,1
12.4547,-8.3123,-4.0173,-1.4375,1
2.3877,-0.53181,-3.0731,0.77627,1
-1.3575,3.2301,-1.979,-2.5819,1
0.044265,-0.14693,-0.4294,-0.15605,1
7.4936,-7.0314,-2.234,0.61334,1
14.9704,-12.4736,-4.211,-1.3884,1
10.1772,-8.0971,-3.8073,0.65084,1
1.2798,-0.10554,-2.5912,1.0414,1
-2.3969,3.0915,-2.2482,-2.6711,1
-1.9702,3.2922,-1.4427,-3.4392,1
-0.066267,-0.020702,-0.39416,-0.44699,1
5.7491,-6.6383,-1.522,-0.10691,1
9.0694,-9.0407,-2.8267,-0.98233,1
5.2419,-6.0237,-1.7263,0.29524,1
-0.24192,0.039307,-0.94255,0.31593,1
-3.6067,3.0025,-0.89569,-3.4457,1
0.52581,6.6651,-6.2815,-7.0107,1
-1.0002,3.166,-2.3211,-2.7151,1
2.8093,-2.0776,-1.3414,0.60688,1
9.3727,-9.3263,-2.258,-0.85949,1
12.7957,-12.8461,-3.8858,-3.1353,1
5.2761,-6.7893,-1.8969,-0.32544,1
-0.45613,-0.24832,-0.52645,0.41938,1
-4.407,3.5612,0.0096613,-4.4103,1
-0.92311,4.898,-3.8826,-5.0801,1
1.321,-0.16762,-2.1405,-0.20906,1
6.839,-7.3046,-2.4824,-0.59053,1
8.4156,-10.0712,-2.9098,-1.9948,1
1.8471,-4.002,-0.60975,0.6017,1
-2.4706,1.1071,0.83625,-0.062945,1
-4.772,3.9544,0.60731,-4.4853,1
-0.17252,7.0542,-4.8861,-6.959,1
2.6225,0.42212,-3.1366,-0.064238,1
6.103,-5.6574,-2.5754,0.65214,1
4.8486,-6.5865,-1.8782,-0.021566,1
-1.9402,0.57318,0.24261,0.44007,1
-4.8457,4.2855,1.296,-2.9013,1
-5.0394,5.0097,0.25943,-6.3862,1
-0.27448,9.1752,-5.873,-6.0422,1
0.16165,2.6901,-3.4605,-1.0224,1
1.1273,-1.4402,-2.3797,0.16076,1
-0.52553,-1.7175,-1.2424,-0.21036,1
-3.2828,1.9182,0.20216,-0.61768,1
-3.9795,3.5012,0.59823,-1.7841,1
-3.282,3.2322,-0.77995,-3.1004,1
-0.47841,3.4619,-4.1409,-3.8879,1
0.23191,8.7696,-6.5084,-3.937,1
0.56265,3.4288,-4.4996,-1.1672,1
0.55323,0.10139,-3.3125,-0.2957,1
-1.2898,0.3766,-1.9423,-0.82458,1
-3.0464,2.5349,-0.75793,-1.2629,1
-2.3163,1.9824,-0.95403,-1.1957,1
-0.72689,1.4671,-2.2173,-1.1724,1
-0.42357,1.9679,-2.799,-2.1125,1
2.5377,-0.84841,-1.8629,0.097399,1
10.2389,-6.2285,-3.5916,-1.1543,1
10.3846,-5.3118,-5.1216,-1.0612,1
-0.45356,4.0372,-3.2854,-1.8228,1
-1.4252,1.4174,-0.56877,-1.1246,1
6.6479,-4.8359,-2.3518,-0.060358,1
17.3087,-13.2889,-4.4861,-3.2194,1
11.9655,-7.7267,-4.3876,-1.4543,1
2.1324,-0.32696,-3.3604,0.6017,1
-1.1664,2.9984,-1.0112,-1.6185,1
1.4024,-1.0512,0.030219,0.77369,1
9.1122,-8.4985,-1.6514,1.2379,1
15.5573,-12.7406,-3.2692,-0.14182,1
8.9999,-6.8452,-2.5701,2.1353,1
0.7623,0.25244,-1.3066,1.7758,1
-2.2701,3.2881,-1.6637,-2.2224,1
-1.6488,2.8659,-0.55008,-2.4319,1
0.87711,-0.69529,0.21431,0.29653,1
6.492,-7.4473,-0.77288,0.36119,1
9.2416,-9.0883,-1.8391,-0.10432,1
4.5624,-5.1277,-0.63298,1.4797,1
-0.64121,0.62905,0.0040545,0.75817,1
-3.5767,3.1784,-0.28696,-3.1896,1
-0.19908,6.6258,-5.2406,-6.8607,1
-0.47241,2.1438,-1.4446,-1.6677,1
3.7115,-2.8018,-0.65767,0.99739,1
9.6152,-10.1498,-1.5449,-1.2332,1
11.9149,-12.0205,-2.8957,-2.7552,1
4.3919,-5.7381,-0.81479,0.3211,1
-1.1793,0.65388,0.50225,0.39998,1
-4.4044,3.6357,0.74521,-4.1414,1
-0.45699,4.0537,-2.9146,-4.0327,1
2.3055,-1.3781,-1.3907,-0.021566,1
7.0858,-8.1157,-1.786,-1.2112,1
7.719,-9.2828,-1.7322,-1.7168,1
1.7048,-3.4619,0.55298,1.1008,1
-3.0121,1.852,2.031,0.003003,1
-4.6435,4.0309,1.2279,-3.9125,1
0.15822,6.2699,-4.2249,-5.5457,1
3.3602,-0.77392,-2.5346,0.00171,1
6.0987,-6.332,-1.749,0.14266,1
3.4399,-5.167,-0.539,0.052141,1
-1.9702,0.89599,1.5631,0.65472,1
-4.9888,4.5565,2.3917,-2.8987,1
-4.8431,4.7738,0.89512,-5.5909,1
0.27818,8.1819,-5.4808,-5.0323,1
0.68946,1.7713,-2.8833,-0.4638,1
1.518,-2.2535,-1.4174,0.61981,1
-1.0731,-0.94981,0.4283,0.3211,1
-3.1183,2.2121,1.5904,-0.11725,1
-4.0129,3.6833,1.7425,-1.7207,1
-3.0669,3.2405,-0.23356,-2.7784,1
-0.35845,3.9958,-3.6227,-3.9047,1
0.61663,7.9295,-6.1536,-3.2646,1
0.78886,2.6652,-3.9172,-0.7819,1
0.56008,-0.23798,-2.2214,0.05602,1
-1.6283,0.89392,-0.49241,-0.56854,1
-2.8416,2.4066,0.26517,-0.59958,1
-2.2169,1.8189,-0.10234,-0.56725,1
-0.35502,1.0926,-1.6176,-0.59958,1
0.27218,1.254,-1.8448,-1.0728,1
4.5735,-2.4087,-1.2786,0.47627,1
11.8318,-7.6563,-2.902,-0.84268,1
10.939,-5.5167,-4.3773,-0.4082,1
-0.79544,3.8385,-2.0529,-1.2138,1
-0.51182,0.70148,0.18868,0.0055892,1
8.9494,-6.841,-1.7279,0.68058,1
17.9274,-13.7731,-3.3793,-2.0323,1
11.3897,-7.1121,-3.1273,-0.083634,1
1.949,-0.05588,-2.121,1.353,1
-1.2144,3.4329,-1.7697,-2.3789,1
-0.19651,0.13863,-0.0012852,0.0081754,1
7.1398,-6.8121,-1.682,1.3323,1
14.3689,-12.1736,-3.4917,-0.61639,1
10.4403,-8.6289,-3.1158,0.97153,1
1.704,-0.48422,-2.0891,1.7435,1
-2.1835,2.7852,-1.6936,-1.9276,1
-1.7671,3.2715,-1.2846,-3.2608,1
-0.32846,0.39315,-0.092194,-0.13794,1
5.5255,-6.3879,-1.0292,0.79955,1
8.9991,-9.1069,-2.2083,-0.28406,1
5.355,-6.3113,-1.0744,0.80472,1
0.020273,-0.23591,-0.51003,0.76334,1
-3.4816,3.0439,-0.36372,-2.7836,1
1.0836,6.4479,-6.3979,-6.6176,1
-0.88369,3.3129,-2.2501,-2.8974,1
2.2635,-1.2519,-1.1859,0.77239,1
8.7086,-8.8131,-1.8076,-0.21682,1
13.0545,-12.9889,-3.3863,-2.7202,1
5.6454,-7.108,-1.4106,0.31335,1
0.096532,-0.68287,-0.21394,1.1965,1
-4.3882,3.5674,0.48797,-3.8116,1
-0.65063,5.1401,-3.8167,-5.4306,1
1.2473,0.20692,-1.9555,-0.3707,1
6.0344,-6.4479,-2.1786,-0.20777,1
8.4756,-9.9532,-2.3299,-1.8733,1
1.7956,-4.0061,0.0031201,0.91722,1
-2.3437,1.0595,1.3518,0.39998,1
-4.8277,3.8923,1.2309,-4.0069,1
-0.13396,7.5032,-5.0301,-7.5034,1
2.7039,0.60836,-3.0799,-0.23751,1
5.63,-5.227,-2.2987,0.91722,1
4.8151,-6.541,-1.239,-0.033204,1
-1.6506,0.29176,0.75896,0.83834,1
-4.5398,4.2068,1.6799,-2.3931,1
-5.2159,5.2022,0.63655,-6.1211,1
-0.43642,9.2952,-6.0598,-6.3694,1
0.1548,2.8763,-3.518,-1.2086,1
1.1582,-1.4092,-2.0336,0.36507,1
-0.34474,-1.7672,-0.69745,-0.12372,1
-3.1098,1.9161,0.75108,-0.20518,1
-3.6307,3.4826,0.84546,-1.3961,1
-3.3085,3.2136,-0.55648,-2.7965,1
-0.69347,3.2239,-3.6817,-3.4004,1
-0.061983,8.8172,-6.7526,-3.725,1
0.66719,3.4515,-4.577,-0.94742,1
0.45041,0.31245,-2.9883,0.068951,1
-1.1622,0.14277,-1.4781,-0.48579,1
-2.9812,2.3383,-0.46651,-1.0431,1
-2.1964,1.6533,-0.8734,-0.78061,1
-0.55552,1.1815,-2.1234,-0.81165,1
-0.46813,2.0838,-2.3142,-1.6767,1
2.3586,-0.98912,-1.4233,0.39481,1
10.5405,-6.6362,-3.0866,-0.89182,1
11.388,-6.1789,-4.7331,-1.0741,1
-0.1888,3.8964,-2.8829,-1.1672,1
-1.4089,1.525,-0.036127,-0.76121,1
6.2109,-4.778,-1.7104,0.3974,1
16.9583,-13.0551,-3.8203,-2.3052,1
12.363,-8.5089,-3.7181,-0.95518,1
2.6045,-0.60424,-2.899,1.3776,1
-1.2341,2.7956,-0.98193,-1.5668,1
1.3818,-1.1816,-0.17296,0.7336,1
9.155,-8.6848,-1.9409,0.94049,1
14.8881,-12.4922,-3.5713,-0.47027,1
8.6521,-6.6258,-2.9915,1.8198,1
0.77344,0.31038,-1.8483,1.4189,1
-2.2563,3.2964,-2.2677,-2.4642,1
-1.8108,2.868,-0.50816,-2.2612,1
1.0039,-1.0885,0.14329,0.48791,1
6.7807,-7.9026,-0.90784,0.34179,1
9.3333,-9.3676,-2.0042,-0.10303,1
4.5367,-5.1008,-0.93587,1.3866,1
-0.52725,0.54214,-0.40804,0.6586,1
-3.6684,3.3812,-0.8172,-3.456,1
-0.24278,6.6755,-4.8392,-6.5775,1
-0.47584,2.1376,-1.2792,-1.3974,1
3.8058,-3.226,-0.66008,1.1836,1
10.2184,-10.7665,-1.7713,-1.0043,1
11.9552,-12.2377,-3.0061,-2.1603,1
4.5641,-5.8395,-1.1022,0.68705,1
-0.98223,0.39108,0.11806,0.42843,1
-4.4379,3.735,0.11686,-4.3741,1
-0.49212,3.9213,-2.7264,-3.6371,1
2.518,-1.6906,-1.2369,0.51636,1
7.6796,-8.6475,-1.8439,-0.66682,1
7.7764,-9.6035,-1.8554,-0.97716,1
1.3749,-3.3584,0.16358,1.3569,1
-3.0584,1.9596,1.5077,-0.12243,1
-4.569,4.1199,0.67886,-4.1414,1
0.54723,5.8333,-3.9934,-4.9379,1
3.0141,-0.78427,-2.3898,0.76205,1
6.6753,-6.7686,-1.7976,0.89912,1
4.0483,-5.5602,-0.70867,0.903,1
-2.3,1.1029,1.0194,0.59395,1
-5.1362,4.78,1.7875,-3.2362,1
-4.9194,4.8773,0.27331,-5.8198,1
0.044265,8.0433,-5.1661,-4.4983,1
0.83598,1.6327,-2.7028,-0.091393,1
1.6054,-2.2183,-1.4904,0.89394,1
-0.94024,-1.0243,-0.014902,0.64955,1
-3.1046,2.2638,0.88992,-0.11855,1
-4.1594,3.6957,1.0637,-1.9379,1
-3.0112,3.1329,-0.8471,-2.9388,1
-0.35845,4.0289,-3.9594,-3.8957,1
0.5558,7.6584,-5.8818,-2.9155,1
0.83341,2.5162,-3.7747,-0.30993,1
0.70146,-0.24418,-2.4198,0.41809,1
-1.6411,0.80494,-0.83535,-0.19225,1
-2.7756,2.6528,-0.30432,-0.65647,1
-2.1501,1.7237,-0.60254,-0.77027,1
-0.53324,1.1815,-2.1059,-0.82716,1
0.18564,1.2271,-2.0441,-1.091,1
4.2591,-2.2121,-1.5621,0.27972,1
11.6433,-7.2135,-3.2305,-0.94613,1
10.4052,-4.9932,-4.8426,-0.53104,1
-0.6969,3.6668,-2.3147,-1.2474,1
-0.38587,0.60422,-0.11716,-0.059065,1
9.0162,-6.719,-2.0066,0.099985,1
17.5795,-13.6779,-3.6961,-2.6181,1
10.5234,-6.5389,-3.6012,-0.48967,1
1.7956,0.18002,-2.6286,0.97282,1
-1.2864,2.9611,-0.82601,-1.4647,1
1.0947,-0.99326,0.31803,0.88619,1
8.8483,-8.4385,-1.4454,0.96894,1
15.6773,-13.0365,-3.1423,-0.66165,1
8.8054,-6.959,-2.5373,1.5289,1
0.90539,0.18416,-1.366,1.5806,1
-2.2829,3.3088,-1.7064,-2.1978,1
-1.7859,2.9094,-0.41965,-2.2069,1
0.78543,-0.82358,0.37637,0.74524,1
6.7156,-7.9233,-0.55355,0.74394,1
9.4044,-9.5828,-1.6001,0.081882,1
4.7749,-5.554,-0.37013,1.547,1
-0.47327,0.22347,0.12126,0.97024,1
-3.5562,3.2674,-0.27068,-3.0888,1
-0.049987,6.6486,-5.119,-6.5206,1
-0.44499,2.3134,-1.3946,-1.4905,1
4.1211,-3.3771,-0.69879,1.5043,1
9.9176,-10.5244,-1.48,-0.5026,1
12.6689,-12.813,-2.6649,-1.9082,1
4.7843,-6.301,-0.62684,1.106,1
-0.84085,0.25865,0.518,0.96118,1
-4.4738,3.764,0.64376,-4.0483,1
-0.5898,4.1986,-2.9821,-3.9642,1
2.4357,-1.5706,-1.4628,0.49826,1
7.9735,-8.7903,-1.7101,-0.45475,1
8.1088,-9.8808,-1.5572,-1.0806,1
1.6131,-3.7723,0.74428,1.5754,1
-2.9581,1.7982,2.0177,0.2099,1
-4.5544,3.913,1.164,-3.8672,1
0.57208,6.0692,-4.3667,-5.4668,1
3.8949,-1.0553,-2.5919,0.77757,1
6.7019,-6.8141,-1.8046,1.1681,1
3.8298,-5.7154,-0.71868,1.0233,1
-2.0267,0.66837,1.4378,1.0271,1
-4.976,4.5503,2.1943,-2.7254,1
-4.7986,4.8525,0.7376,-5.6659,1
0.13081,8.1261,-5.637,-5.0142,1
0.73745,1.7775,-3.0193,-0.45346,1
1.584,-2.09,-1.6706,0.71162,1
-0.95138,-1.1505,-0.1269,0.57843,1
-3.1954,2.0982,1.2198,0.12843,1
-4.0557,3.6067,1.4501,-1.5966,1
-2.9607,3.0977,-0.40857,-2.6892,1
-0.31304,3.8157,-3.8952,-3.8194,1
0.4247,8.0102,-6.3679,-3.2207,1
0.68261,2.7749,-4.1429,-0.71984,1
0.61663,-0.097265,-2.6864,0.061192,1
-1.6968,0.79459,-1.0555,-0.46768,1
-2.9512,2.4769,-0.29858,-0.66165,1
-2.2469,1.7734,-0.49948,-0.68104,1
-0.28562,0.99945,-1.9881,-0.70044,1
0.045979,1.5706,-1.9389,-1.122,1
4.026,-1.8624,-1.4375,0.55127,1
11.8678,-7.5756,-3.1875,-0.57889,1
10.969,-5.6636,-4.6765,-0.33449,1
-0.63435,3.8468,-2.0285,-1.175,1
-0.67891,0.73252,0.26637,0.03533,1
8.4773,-6.4624,-1.7589,0.31981,1
17.6052,-13.6593,-3.5985,-2.4927,1
11.4419,-7.2404,-3.3582,-0.57113,1
1.9336,-0.10554,-2.3629,1.1358,1
-1.2256,3.3791,-2.1802,-2.6621,1
0.060545,-0.15521,-0.40951,-0.088807,1
7.9597,-7.257,-2.2918,0.9211,1
15.6199,-12.8006,-4.0214,-0.95647,1
10.3315,-8.215,-3.3884,0.98187,1
1.333,-0.49457,-2.0046,1.6543,1
-2.378,2.7956,-1.7063,-2.3491,1
-1.7302,3.3584,-1.6386,-3.5646,1
-0.33617,0.32487,-0.41645,-0.36036,1
5.8022,-6.6072,-1.5877,0.31593,1
9.7942,-9.349,-2.5961,-0.28018,1
5.7568,-6.4789,-1.5228,0.87325,1
-0.21793,-0.097265,-0.53072,1.0426,1
-3.6436,2.8452,-0.49081,-3.1004,1
0.85483,6.8017,-6.5773,-7.5344,1
-0.62578,2.7645,-2.4621,-2.8573,1
2.5154,-1.9162,-1.3995,0.59912,1
9.233,-9.3304,-2.3221,-0.79871,1
12.9817,-12.9723,-3.73,-2.684,1
5.7902,-7.1163,-1.6988,0.16723,1
-0.42014,-0.64562,-0.26654,0.89136,1
-4.5081,3.3108,0.33325,-4.012,1
-0.49126,4.7283,-4.2091,-5.2159,1
1.9833,-0.68494,-2.3142,-0.44829,1
6.8964,-7.4494,-2.4835,-0.64484,1
9.0239,-10.5099,-2.7611,-1.9547,1
2.1067,-4.449,-0.36025,0.94308,1
-2.3506,0.9022,1.0117,0.42714,1
-4.9314,3.8426,0.96708,-4.1323,1
0.070827,7.259,-5.2049,-7.3004,1
2.9618,-0.02691,-3.3203,-0.44958,1
6.0122,-5.7899,-2.565,0.046968,1
4.7689,-6.572,-1.5951,-0.94354,1
-1.7859,0.17174,0.7049,0.36119,1
-4.7412,3.9544,1.7331,-2.5017,1
-5.2133,4.8504,0.6818,-6.1043,1
0.014275,9.2848,-6.3364,-6.7844,1
0.6809,2.4273,-3.8053,-1.0871,1
1.7151,-2.1252,-2.1979,0.45171,1
-0.051701,-2.2121,-0.87874,0.099985,1
-3.1963,1.7299,0.74067,-0.1457,1
-3.9692,3.4226,0.98296,-1.7116,1
-3.4054,3.1929,-0.3489,-3.1832,1
-0.38415,3.5219,-3.8552,-3.8608,1
0.2182,8.9931,-6.9599,-4.572,1
1.075,3.1205,-4.7462,-1.2966,1
0.97565,-0.14279,-3.2051,0.045675,1
-0.75774,-0.080711,-1.7549,-0.3707,1
-2.8673,2.4811,-0.59587,-0.89828,1
-2.3652,2.0279,-0.89542,-1.2746,1
-0.64206,1.2767,-2.0754,-1.2642,1
0.1805,1.8023,-3.2778,-2.3931,1
2.9986,-1.254,-2.2183,0.36378,1
10.5251,-6.572,-3.5895,-0.16381,1
11.244,-5.8023,-5.0477,-0.3901,1
-0.07912,3.944,-3.5741,-2.1203,1
-1.4938,1.7361,-0.7351,-1.1582,1
6.3489,-4.7428,-2.2617,0.11162,1
17.1116,-13.0634,-4.244,-2.8017,1
12.555,-8.304,-4.0218,-1.5099,1
2.7056,-0.67253,-3.0201,0.85774,1
-1.3721,3.5447,-2.4941,-2.8483,1
0.05369,0.039307,-0.83121,-0.23105,1
7.5416,-6.8824,-2.5665,0.70774,1
15.6559,-12.9371,-4.4018,-1.6806,1
10.3032,-8.2916,-3.7573,0.38059,1
1.4855,-0.40145,-2.4725,1.1189,1
-2.3086,2.8825,-1.9725,-2.3724,1
-1.9385,3.6874,-2.0149,-3.8918,1
-0.48869,0.65181,-0.82053,-0.52716,1
5.6154,-6.3486,-1.7886,0.42584,1
9.7668,-9.4711,-2.9138,-0.60216,1
5.6429,-6.5907,-1.8343,0.54998,1
-0.20165,-0.033118,-0.8734,0.55774,1
-3.5947,2.957,-0.70346,-3.1457,1
0.67833,6.9879,-6.7387,-7.5887,1
-0.9351,3.2777,-2.7723,-3.1457,1
1.997,-1.3678,-1.6641,0.52283,1
8.9922,-9.2497,-2.4349,-0.50001,1
12.7957,-12.7095,-3.793,-2.825,1
5.5383,-6.9756,-1.9551,-0.12889,1
-0.35417,-0.50077,-0.69078,0.47498,1
-4.4327,3.3998,0.025013,-4.2655,1
-0.64892,4.9601,-4.3967,-5.4719,1
1.4041,-0.24418,-2.456,-0.45863,1
6.2169,-6.8555,-2.62,-0.62285,1
8.784,-10.3257,-2.9662,-2.1138,1
2.2241,-4.4448,-0.71494,0.49826,1
-2.2126,0.99945,0.6005,0.097399,1
-4.7275,3.8944,0.61652,-4.3948,1
0.10938,7.2363,-5.4414,-7.5642,1
2.3457,0.45937,-3.5798,-0.45734,1
5.9179,-5.6967,-2.7769,0.37671,1
5.0585,-6.7562,-1.8356,-0.55044,1
-1.7542,0.17381,0.30081,0.48921,1
-4.7018,4.1323,1.3403,-2.5987,1
-5.1508,4.987,0.26877,-6.3913,1
-0.25392,9.6014,-6.5235,-6.9642,1
0.79571,2.4955,-4.0679,-1.1039,1
1.5026,-1.7051,-2.564,0.32757,1
-0.15538,-1.9162,-1.3414,-0.11984,1
-3.3522,2.0879,0.23874,-0.66553,1
-4.0771,3.6771,0.6212,-2.0711,1
-3.4859,3.4019,-0.77848,-3.5569,1
-0.6532,3.7909,-4.1244,-4.1802,1
0.25933,9.2,-7.0421,-4.6832,1
0.82742,3.5716,-4.9462,-1.4957,1
0.6569,0.30417,-3.5359,-0.2957,1
-1.0054,0.16967,-2.0662,-0.82975,1
-3.1432,2.808,-0.88728,-1.2035,1
-2.5237,2.3072,-1.0941,-1.4453,1
-0.88541,1.6285,-2.4458,-1.4802,1
0.1865,1.8955,-3.551,-2.4409,1
2.7185,-0.85669,-2.2811,0.044382,1
10.0916,-5.974,-3.6053,-0.82846,1
10.4266,-5.1877,-5.0676,-0.86725,1
-0.23678,4.0723,-3.9204,-2.1151,1
-1.3575,1.8458,-1.1306,-1.3806,1
6.4534,-4.5566,-2.4561,-0.056479,1
17.0834,-13.0303,-4.4775,-3.0345,1
12.1291,-8.1819,-4.1958,-1.6017,1
2.5325,-0.7077,-3.38,0.71808,1
-1.4166,3.6026,-2.4365,-2.8948,1
-0.031137,0.13036,-0.77688,-0.35389,1
7.5339,-6.8266,-2.7083,0.59007,1
15.4417,-12.5854,-4.5531,-1.4983,1
9.8208,-7.8322,-3.8894,0.47498,1
1.488,-0.22763,-2.5084,1.2069,1
-2.4132,3.0211,-2.1652,-2.4241,1
-1.7842,3.5074,-1.8974,-3.8491,1
-0.38587,0.5587,-0.62043,-0.66423,1
5.6506,-6.301,-1.8387,0.19567,1
9.5766,-9.1566,-3,-0.73018,1
5.606,-6.1603,-1.9116,0.48533,1
-0.2462,0.084831,-1.005,0.45688,1
-3.6778,3.257,-0.87834,-3.2944,1
0.68604,6.7934,-6.651,-7.5887,1
-0.83228,3.1101,-2.5463,-3.0358,1
2.1144,-1.432,-1.4377,0.42067,1
8.862,-9.0407,-2.4554,-0.86983,1
13.0597,-12.8792,-3.9411,-3.3125,1
5.5992,-6.8969,-2.1241,-0.47156,1
-0.42785,-0.32902,-0.74324,0.23317,1
-4.5415,3.7412,-0.071503,-4.2526,1
-0.49212,4.9166,-4.2333,-5.3207,1
1.692,-0.43663,-2.3675,-0.43018,1
6.9255,-7.3625,-2.5526,-0.66811,1
8.9717,-10.4602,-3.0986,-2.3427,1
2.2009,-4.4862,-0.89809,0.50731,1
-2.2726,1.0015,0.56232,-0.0060486,1
-4.8166,3.8944,0.53936,-4.3418,1
0.029699,7.3915,-5.3012,-7.3987,1
2.6473,0.35591,-3.3553,-0.37846,1
5.953,-5.7133,-2.7908,0.45946,1
4.8254,-6.6072,-1.9983,-0.41984,1
-1.6823,0.11794,0.15423,0.59524,1
-4.7635,4.0744,1.208,-2.6129,1
-5.149,4.8856,0.2952,-6.2323,1
0.022844,9.5311,-6.4247,-6.8517,1
0.62863,2.6218,-3.9933,-1.1595,1
1.3647,-1.6058,-2.659,0.16464,1
-0.10397,-2.1252,-1.4094,-0.19225,1
-3.3668,1.9741,0.11032,-0.65259,1
-4.0746,3.644,0.52374,-1.9909,1
-3.4405,3.4598,-0.76794,-3.4276,1
-0.60008,3.6812,-3.9698,-4.0133,1
0.16594,9.2931,-7.0364,-4.5396,1
1.063,3.3005,-4.9447,-1.444,1
0.7126,0.22968,-3.5933,-0.3332,1
-1.0465,0.12415,-2.1674,-0.86208,1
-3.1226,2.6963,-0.9607,-1.3121,1
-2.5862,2.1996,-1.0802,-1.2759,1
-0.82114,1.4381,-2.3277,-1.2862,1
-0.035421,1.9037,-3.7244,-2.5095,1
2.7073,-0.95602,-2.5724,-0.16639,1
10.0958,-6.0816,-3.9297,-1.0147,1
10.3332,-5.1463,-5.2943,-1.1181,1
-0.3019,4.0392,-3.8953,-2.1836,1
-1.4801,1.7485,-1.2244,-1.4181,1
5.983,-4.4159,-2.6406,-0.13924,1
16.7166,-12.7509,-4.6338,-3.2168,1
11.8387,-7.8633,-4.2887,-1.8978,1
2.6328,-0.50491,-3.3458,0.53705,1
-1.3455,3.3357,-1.1188,-1.9573,1
0.18307,-0.3104,0.55939,0.44653,1
7.8981,-7.3191,-1.5078,1.2289,1
15.1606,-12.5667,-3.506,-0.75216,1
10.2646,-8.273,-2.9498,1.1629,1
1.62,-0.38903,-1.6029,1.9103,1
-2.426,2.8183,-1.2667,-1.8862,1
-1.8356,3.0605,-0.49281,-2.834,1
-0.18794,-0.045533,0.66365,0.23447,1
5.8408,-6.7583,-0.72068,0.62369,1
9.682,-9.5001,-1.9966,-0.12889,1
5.6026,-6.4168,-0.97325,1.0323,1
-0.11339,-0.17383,-0.025314,1.2198,1
-3.5467,2.9301,0.062525,-2.6737,1
0.89768,6.3258,-5.525,-6.6241,1
-0.84085,2.6735,-1.2943,-2.0323,1
2.135,-1.7837,-0.24037,1.2418,1
9.4652,-9.6698,-1.3968,-0.34872,1
13.4727,-13.2869,-2.9672,-2.6271,1
6.0139,-7.2508,-1.1005,0.36895,1
-0.40386,-0.52147,0.22432,1.2017,1
-4.4987,3.3708,0.90407,-3.6965,1
-0.58123,4.5193,-2.8619,-4.2629,1
1.2815,-0.31247,-1.0833,0.41291,1
6.5537,-7.2446,-1.5681,-0.1276,1
9.4926,-10.8679,-2.0545,-1.4116,1
2.1195,-4.5152,0.2346,1.4448,1
-2.3138,0.86909,1.581,0.82412,1
-4.9143,3.8013,1.5514,-3.7483,1
-0.083404,7.1225,-4.1479,-6.4172,1
2.8127,-0.099335,-2.2625,0.48662,1
5.8699,-5.823,-1.7479,1.212,1
4.9857,-6.7128,-0.95923,0.32886,1
-1.8785,0.23589,1.3451,1.3258,1
-4.8037,4.0951,2.2279,-2.1112,1
-5.2861,4.8731,1.2572,-5.8741,1
-0.41929,9.1214,-5.3857,-5.9181,1
0.52667,2.3445,-2.9786,-0.40173,1
1.7082,-2.1562,-1.5851,0.9017,1
-0.0954,-2.2038,-0.21888,0.56421,1
-3.3111,1.9017,1.3183,0.065071,1
-4.0309,3.4288,1.4896,-1.4259,1
-3.4302,3.2219,0.11592,-2.8457,1
-0.72004,3.3564,-3.3924,-3.5233,1
-0.21621,8.7096,-6.1632,-3.6345,1
0.87026,2.9239,-4.0786,-0.65389,1
0.93452,-0.3911,-2.5899,0.42972,1
-0.90597,-0.19038,-1.0116,0.003003,1
-2.9401,2.4914,0.066129,-0.62156,1
-2.4697,1.9368,-0.24745,-0.80518,1
-0.71232,1.0636,-1.5732,-0.8388,1
0.045122,1.5933,-2.1668,-1.678,1
2.9241,-1.4237,-1.1667,0.66119,1
10.4849,-6.63,-2.8391,-0.42113,1
10.8867,-5.8126,-4.5046,-0.52846,1
-0.40215,3.7433,-2.41,-1.2953,1
-1.4501,1.3492,0.40614,-0.55949,1
6.4774,-4.8773,-1.3887,0.34179,1
17.5932,-13.4586,-3.7503,-2.7771,1
12.393,-8.3827,-3.5637,-1.2823,1
2.6842,-0.65804,-2.5419,1.1952,1
